{"IcoMoonType":"selection","icons":[{"icon":{"paths":["M621.2 301.2c25-25 25-65.6 0-90.6s-65.6-25-90.6 0l-210.6 210.8-210.8-210.6c-25-25-65.6-25-90.6 0s-25 65.6 0 90.6l210.8 210.6-210.6 210.8c-25 25-25 65.6 0 90.6s65.6 25 90.6 0l210.6-210.8 210.8 210.6c25 25 65.6 25 90.6 0s25-65.6 0-90.6l-210.8-210.6 210.6-210.8z"],"attrs":[{}],"width":640,"isMulticolor":false,"isMulticolor2":false,"grid":0,"tags":["xmark"]},"attrs":[{}],"properties":{"order":12,"id":4,"name":"close","prevSize":32,"code":59651},"setIdx":0,"setId":0,"iconIdx":0},{"icon":{"paths":["M996.2 11.2c20.2 14 30.8 38.2 27 62.4l-128 832c-3 19.4-14.8 36.4-32 46s-37.8 10.8-56 3.2l-239.2-99.4-137 148.2c-17.8 19.4-45.8 25.8-70.4 16.2s-40.6-33.4-40.6-59.8v-167.2c0-8 3-15.6 8.4-21.4l335.2-365.8c11.6-12.6 11.2-32-0.8-44s-31.4-12.8-44-1.4l-406.8 361.4-176.6-88.4c-21.2-10.6-34.8-31.8-35.4-55.4s11.8-45.6 32.2-57.4l896-512c21.4-12.2 47.8-11 68 2.8z"],"attrs":[{}],"isMulticolor":false,"isMulticolor2":false,"grid":0,"tags":["paper-plane-solid"]},"attrs":[{}],"properties":{"order":13,"id":3,"name":"send","prevSize":32,"code":59650},"setIdx":0,"setId":0,"iconIdx":1},{"icon":{"paths":["M96 128c-53 0-96 43-96 96 0 30.2 14.2 58.6 38.4 76.8l435.2 326.4c22.8 17 54 17 76.8 0l435.2-326.4c24.2-18.2 38.4-46.6 38.4-76.8 0-53-43-96-96-96h-832zM0 352v416c0 70.6 57.4 128 128 128h768c70.6 0 128-57.4 128-128v-416l-435.2 326.4c-45.6 34.2-108 34.2-153.6 0l-435.2-326.4z"],"attrs":[{}],"isMulticolor":false,"isMulticolor2":false,"grid":0,"tags":["envelope-solid"]},"attrs":[{}],"properties":{"order":14,"id":2,"name":"envelope","prevSize":32,"code":59648},"setIdx":0,"setId":0,"iconIdx":2},{"icon":{"paths":["M329.8 49.2c-15.4-37.2-56-57-94.8-46.4l-176 48c-34.8 9.6-59 41.2-59 77.2 0 494.8 401.2 896 896 896 36 0 67.6-24.2 77.2-59l48-176c10.6-38.8-9.2-79.4-46.4-94.8l-192-80c-32.6-13.6-70.4-4.2-92.6 23.2l-80.8 98.6c-140.8-66.6-254.8-180.6-321.4-321.4l98.6-80.6c27.4-22.4 36.8-60 23.2-92.6l-80-192z"],"attrs":[{}],"isMulticolor":false,"isMulticolor2":false,"grid":0,"tags":["phone"]},"attrs":[{}],"properties":{"order":15,"id":1,"name":"phone","prevSize":32,"code":59649},"setIdx":0,"setId":0,"iconIdx":3}],"height":1024,"metadata":{"name":"icons"},"preferences":{"showGlyphs":true,"showCodes":true,"showQuickUse":true,"showQuickUse2":true,"showSVGs":true,"fontPref":{"prefix":"_icon-","metadata":{"fontFamily":"icons","majorVersion":1,"minorVersion":0},"metrics":{"emSize":1024,"baseline":6.25,"whitespace":50},"embed":false,"noie8":false,"ie7":false},"imagePref":{"prefix":"icon-","png":true,"useClassSelector":true,"color":0,"bgColor":16777215},"historySize":50,"gridSize":16}}